,precision,recall,f1-score,support
rRNA,0.9801980198019802,0.9611650485436893,0.9705882352941176,103.0
sRNA,0.9767441860465116,0.9385474860335196,0.9572649572649573,179.0
tRNA,0.9601449275362319,0.9925093632958801,0.9760589318600368,267.0
accuracy,0.9690346083788707,0.9690346083788707,0.9690346083788707,0.9690346083788707
macro avg,0.9723623777949079,0.9640739659576963,0.9679707081397039,549.0
weighted avg,0.9693193096431758,0.9690346083788707,0.968904827672771,549.0
