,precision,recall,f1-score,support
rRNA,1.0,0.941747572815534,0.97,103.0
sRNA,0.9613259668508287,0.9720670391061452,0.9666666666666667,179.0
tRNA,0.981549815498155,0.9962546816479401,0.9888475836431226,267.0
accuracy,0.9781420765027322,0.9781420765027322,0.9781420765027322,0.9781420765027322
macro avg,0.9809585941163279,0.9700230978565397,0.9751714167699297,549.0
weighted avg,0.9784173930861669,0.9781420765027322,0.9780794866412514,549.0
