,precision,recall,f1-score,support
rRNA,1.0,1.0,1.0,8.0
sRNA,0.9705882352941176,1.0,0.9850746268656716,33.0
tRNA,1.0,0.9,0.9473684210526315,10.0
accuracy,0.9803921568627451,0.9803921568627451,0.9803921568627451,0.9803921568627451
macro avg,0.9901960784313726,0.9666666666666667,0.9774810159727677,51.0
weighted avg,0.9809688581314879,0.9803921568627451,0.9800224881783035,51.0
