Metric,Value
MAE,0.21593563157458168
MSE,0.07090975095155787
RMSE,0.26628884871799996
R2,0.3236235801263375
