Feature	Importance
A_CGC	0.036727
TC	0.030268
GG	0.029776
G_TAA	0.027204
GT	0.025685
C_CGG	0.025296
G_TTC	0.025028
AT	0.024906
AG	0.023225
fnone_levated_peak	0.023146
G_ATG	0.022940
faverage	0.022514
C_ATG	0.021019
G_TCG	0.020537
C_GAA	0.020166
G_GGT	0.019534
k-tsallis32.3	0.018205
A_TCC	0.018167
fpercentile75	0.015876
T_TTA	0.015723
fvariance	0.014251
fmedian	0.014006
k-tsallis42.3	0.013874
G_GGA	0.013739
fpercentile25	0.012739
k-tsallis52.3	0.011587
C_AGA	0.011363
fpercentile15	0.011219
fpopulation_standard_deviation	0.011169
G_CGA	0.010507
finterquartile_range	0.010492
A_GCT	0.010207
G_TGC	0.009814
fsample_standard_deviation	0.009769
TT	0.009760
A_CGG	0.009713
fsemi_interquartile_range	0.009475
G_TAG	0.009222
C_CAA	0.009080
A_CTG	0.009011
fpercentile50	0.008925
fmaximum	0.008633
T_CGG	0.008608
k-tsallis22.3	0.008600
C_TGA	0.008306
CG	0.008249
A_GTC	0.008135
A_GCC	0.007512
T_GTG	0.007457
G_AGA	0.007299
G_AAC	0.007272
T_GAT	0.007049
A_GGT	0.006920
C_TAT	0.006554
C_GGT	0.006380
famplitude	0.006338
GC	0.006335
AC	0.005871
C_TGG	0.005787
C_TTT	0.005769
T_TTT	0.005731
G_TCC	0.005645
A_TGG	0.005627
C_GCG	0.005436
G_GGG	0.005322
G_GAA	0.005059
G_ACG	0.004975
G_TGG	0.004939
G_CGT	0.004836
C_GTG	0.004817
A_CAC	0.004795
A_GAG	0.004725
C_CCT	0.004643
G_TTA	0.004614
G_GCT	0.004362
A_GCG	0.004308
A_AAG	0.004211
A_CTC	0.004160
AA	0.004025
G_GAG	0.004004
G_ACT	0.003829
C_AGT	0.003655
A_AAA	0.003641
k-tsallis12.3	0.003623
T_TAT	0.003508
G_GAC	0.003135
GA	0.003030
T_GCG	0.003011
A_TTT	0.002974
G_GCG	0.002873
T_CGA	0.002748
G_AGT	0.002739
A_ACG	0.002698
G_CGC	0.002593
A_GCA	0.002566
C_GTA	0.002539
CC	0.002401
C_GCT	0.002306
C_GGC	0.002012
TA	0.001975
C_CAG	0.001892
C_ACG	0.001841
CT	0.001767
C_AAC	0.001473
T_CCG	0.001441
C_GCA	0.001283
C_GAG	0.000768
G_GAT	0.000514
T_GCC	0.000417
G_CTG	0.000368
C_CGT	0.000346
C_TGC	0.000314
C_TGT	0.000306
T_AGT	0.000249
