,precision,recall,f1-score,support
rRNA,0.9619047619047619,0.9805825242718447,0.9711538461538461,103.0
sRNA,0.9825581395348837,0.9441340782122905,0.9629629629629629,179.0
tRNA,0.9779411764705882,0.9962546816479401,0.987012987012987,267.0
accuracy,0.97632058287796,0.97632058287796,0.97632058287796,0.97632058287796
macro avg,0.9741346926367447,0.9736570947106916,0.9737099320432653,549.0
weighted avg,0.9764378717132637,0.97632058287796,0.9761961458227396,549.0
