Metric,Value
Accuracy,0.8088235294117647
Recall,0.9705882352941176
Precision,0.7333333333333333
F1-score,0.8354430379746836
AUC,0.8520761245674741
Balanced ACC,0.8088235294117647
G-mean,0.7924819756063224
MCC,0.6527533657682197
