,precision,recall,f1-score,support
rRNA,0.9711538461538461,0.9805825242718447,0.9758454106280193,103.0
sRNA,0.9764705882352941,0.9273743016759777,0.9512893982808023,179.0
tRNA,0.9636363636363636,0.9925093632958801,0.977859778597786,267.0
accuracy,0.9690346083788707,0.9690346083788707,0.9690346083788707,0.9690346083788707
macro avg,0.9704202660085013,0.9668220630812341,0.9683315291688692,549.0
weighted avg,0.9692313124569633,0.9690346083788707,0.9688186529554799,549.0
