,precision,recall,f1-score,support
rRNA,0.9611650485436893,0.9611650485436893,0.9611650485436893,103.0
sRNA,0.9715909090909091,0.9553072625698324,0.9633802816901409,179.0
tRNA,0.9814814814814815,0.9925093632958801,0.9869646182495344,267.0
accuracy,0.9744990892531876,0.9744990892531876,0.9744990892531876,0.9744990892531876
macro avg,0.9714124797053599,0.9696605581364673,0.9705033161611215,549.0
weighted avg,0.9744450424095233,0.9744990892531876,0.9744346511751564,549.0
