nameseq,A,C,G,T,label
pre_0_train_ACP_1,0.7333333333333333,0.0,0.26666666666666666,0.0,acp
pre_1_train_ACP_2,0.5,0.0,0.5,0.0,acp
pre_2_train_ACP_3,0.25,0.0,0.75,0.0,acp
pre_3_train_ACP_4,0.25,0.0,0.75,0.0,acp
pre_4_train_ACP_5,0.2,0.0,0.6,0.2,acp
pre_5_train_ACP_6,0.25,0.0,0.75,0.0,acp
pre_6_train_ACP_7,0.4,0.0,0.6,0.0,acp
pre_7_train_ACP_8,0.3333333333333333,0.0,0.6666666666666666,0.0,acp
pre_8_train_ACP_9,0.2727272727272727,0.21212121212121213,0.24242424242424243,0.2727272727272727,acp
pre_9_train_ACP_10,0.0,0.0,1.0,0.0,acp
