class,num_seqs,min_length,max_length,avg_length,std_length,sum_length,Q1,Q2,Q3,N50,gc_content
acp,10,2,33,8.0,9.0,80,4.0,4.5,5.0,15,63.378787878787875
tRNA,10,73,85,74.7,3.4655446902326914,747,73.0,74.0,74.0,74,56.68780625911971
