Feature	Importance
Suburb	0.355913
Distance	0.291633
Price	0.168204
Landsize	0.090242
Type	0.025624
Car	0.019851
Bedroom2	0.017158
Rooms	0.016049
Bathroom	0.015326
