Feature	Importance
GGT	273.000000
G	234.000000
TTC	186.000000
TCC	166.000000
TTT	151.000000
GTG	147.000000
A	138.000000
T	122.000000
TGC	117.000000
CAT	114.000000
GCC	110.000000
CGT	109.000000
CAG	107.000000
GGG	93.000000
ATG	90.000000
CGA	88.000000
TCG	84.000000
TAG	84.000000
k-tsallis12.3	73.000000
AAG	71.000000
GTT	71.000000
TGG	70.000000
k-tsallis32.3	68.000000
CTC	64.000000
CTG	63.000000
k-tsallis52.3	61.000000
AGA	60.000000
ACC	60.000000
TCT	57.000000
ACA	57.000000
GAA	57.000000
ACG	56.000000
GCA	56.000000
CCT	54.000000
CCC	52.000000
ACT	52.000000
GGA	49.000000
AGT	49.000000
GGC	49.000000
CTA	49.000000
AAT	49.000000
GCG	48.000000
GAT	47.000000
TAA	46.000000
AAC	46.000000
GAG	46.000000
TGA	46.000000
ATC	46.000000
GAC	45.000000
GTC	43.000000
ATA	42.000000
ATT	42.000000
CAA	42.000000
k-tsallis42.3	41.000000
k-tsallis22.3	40.000000
GCT	38.000000
CCA	37.000000
CCG	37.000000
C	36.000000
TAT	35.000000
CAC	34.000000
CTT	33.000000
CGG	32.000000
AGC	32.000000
TTA	31.000000
TGT	30.000000
TAC	30.000000
TCA	29.000000
TTG	28.000000
GTA	28.000000
AGG	27.000000
CGC	26.000000
AAA	14.000000
