,precision,recall,f1-score,support
rRNA,0.9619047619047619,0.9805825242718447,0.9711538461538461,103.0
sRNA,0.9653179190751445,0.9329608938547486,0.9488636363636364,179.0
tRNA,0.9704797047970479,0.9850187265917603,0.9776951672862454,267.0
accuracy,0.9672131147540983,0.9672131147540983,0.9672131147540983,0.9672131147540983
macro avg,0.9659007952589848,0.9661873815727845,0.9659042166012427,549.0
weighted avg,0.9671879402030112,0.9672131147540983,0.9670674803795347,549.0
