Metric,Value
Accuracy,0.7794117647058824
Recall,0.9411764705882353
Precision,0.7111111111111111
F1-score,0.810126582278481
AUC,0.8468858131487889
Balanced ACC,0.7794117647058824
G-mean,0.7624400821656306
MCC,0.5905863785521988
