class,num_seqs,min_length,max_length,avg_length,std_length,sum_length,Q1,Q2,Q3,N50,gc_content
positive,141,66,1594,385.5531914893617,183.7298520060994,54363,293.0,371.0,466.0,431,44.69417507556004
negative,446,69,1437,438.4529147982063,221.6612902687602,195550,289.5,424.5,562.0,500,48.56977357989021
