,precision,recall,f1-score,support
rRNA,0.9801980198019802,0.9611650485436893,0.9705882352941176,103.0
sRNA,0.9719101123595506,0.9664804469273743,0.969187675070028,179.0
tRNA,0.9851851851851852,0.9962546816479401,0.9906890130353817,267.0
accuracy,0.9799635701275046,0.9799635701275046,0.9799635701275046,0.9799635701275046
macro avg,0.9790977724489053,0.9746333923730012,0.9768216411331757,549.0
weighted avg,0.9799212214870819,0.9799635701275046,0.9799073744139818,549.0
