,precision,recall,f1-score,support
rRNA,0.8888888888888888,1.0,0.9411764705882353,8.0
sRNA,0.9696969696969697,0.9696969696969697,0.9696969696969697,33.0
tRNA,1.0,0.9,0.9473684210526315,10.0
accuracy,0.9607843137254902,0.9607843137254902,0.9607843137254902,0.9607843137254902
macro avg,0.9528619528619529,0.9565656565656565,0.9527472871126123,51.0
weighted avg,0.962962962962963,0.9607843137254902,0.9608450191222,51.0
