Metric,Value
Accuracy,0.8088235294117647
Recall,0.9411764705882353
Precision,0.7441860465116279
F1-score,0.8311688311688312
AUC,0.8624567474048443
Balanced ACC,0.8088235294117647
G-mean,0.7979211744853256
MCC,0.6404939953969396
