,precision,recall,f1-score,support
rRNA,0.9615384615384616,0.970873786407767,0.966183574879227,103.0
sRNA,0.9704142011834319,0.9162011173184358,0.9425287356321839,179.0
tRNA,0.9565217391304348,0.9887640449438202,0.9723756906077348,267.0
accuracy,0.9617486338797814,0.9617486338797814,0.9617486338797814,0.9617486338797814
macro avg,0.9628248006174428,0.9586129828900077,0.9603626670397153,549.0
weighted avg,0.9619925462625172,0.9617486338797814,0.9614824431384087,549.0
