,precision,recall,f1-score,support
rRNA,0.99,0.9611650485436893,0.9753694581280788,103.0
sRNA,0.9714285714285714,0.9497206703910615,0.96045197740113,179.0
tRNA,0.9708029197080292,0.9962546816479401,0.9833641404805915,267.0
accuracy,0.9744990892531876,0.9744990892531876,0.9744990892531876,0.9744990892531876
macro avg,0.9774104970455335,0.9690468001942302,0.9730618586699334,549.0
weighted avg,0.9746085498137669,0.9744990892531876,0.974393777140824,549.0
