class,num_seqs,min_length,max_length,avg_length,std_length,sum_length,Q1,Q2,Q3,N50,gc_content
rRNA,144,110,3086,1964.7152777777778,886.9161198532128,282919,1509.75,1545.0,2869.25,2749,53.225269224798886
tRNA,330,67,94,75.78787878787878,5.379295750670938,25010,73.0,74.0,74.0,74,57.440165043965685
sRNA,309,42,440,117.63430420711974,81.6860688208375,36349,69.0,79.0,158.0,163,50.837740061257286
