,precision,recall,f1-score,support
rRNA,0.9,0.9611650485436893,0.9295774647887324,103.0
sRNA,0.9642857142857143,0.9050279329608939,0.9337175792507204,179.0
tRNA,0.977859778597786,0.9925093632958801,0.9851301115241635,267.0
accuracy,0.9581056466302368,0.9581056466302368,0.9581056466302368,0.9581056466302368
macro avg,0.9473818309611667,0.9529007816001545,0.9494750518545388,549.0
weighted avg,0.9588264184749576,0.9581056466302368,0.9579447456030419,549.0
