Metric,Value
Accuracy,0.7205882352941176
Recall,0.9411764705882353
Precision,0.6530612244897959
F1-score,0.7710843373493976
AUC,0.8538062283737025
Balanced ACC,0.7205882352941176
G-mean,0.6859943405700354
MCC,0.49160514400834665
