nameseq,A,C,G,T,label
pre_0_train_ACP_1,0.7333333333333333,0.0,0.26666666666666666,0.0,acp
pre_1_train_ACP_2,0.5,0.0,0.5,0.0,acp
pre_2_train_ACP_3,0.25,0.0,0.75,0.0,acp
pre_3_train_ACP_4,0.25,0.0,0.75,0.0,acp
pre_4_train_ACP_5,0.2,0.0,0.6,0.2,acp
pre_5_train_ACP_6,0.25,0.0,0.75,0.0,acp
pre_6_train_ACP_7,0.4,0.0,0.6,0.0,acp
pre_7_train_ACP_8,0.3333333333333333,0.0,0.6666666666666666,0.0,acp
pre_8_train_ACP_9,0.2727272727272727,0.21212121212121213,0.24242424242424243,0.2727272727272727,acp
pre_9_train_ACP_10,0.0,0.0,1.0,0.0,acp
nameseq,A,C,G,T,label
pre_0_train_U00096.3/3982510-3982582,0.1780821917808219,0.2328767123287671,0.2876712328767123,0.3013698630136986,tRNA
pre_1_train_U00096.3/225500-225572,0.1643835616438356,0.2876712328767123,0.3424657534246575,0.2054794520547945,tRNA
pre_2_train_U00096.3/225381-225454,0.20270270270270271,0.22972972972972974,0.33783783783783783,0.22972972972972974,tRNA
pre_3_train_U00096.3/262871-262943,0.2328767123287671,0.2191780821917808,0.2876712328767123,0.2602739726027397,tRNA
pre_4_train_U00096.3/3982375-3982448,0.14864864864864866,0.3108108108108108,0.36486486486486486,0.17567567567567569,tRNA
pre_5_train_U00096.3/2947387-2947460,0.17567567567567569,0.32432432432432434,0.33783783783783783,0.16216216216216217,tRNA
pre_6_train_U00096.3/297178-297251,0.2972972972972973,0.20270270270270271,0.21621621621621623,0.28378378378378377,tRNA
pre_7_train_U00096.3/696740-696667,0.24324324324324326,0.24324324324324326,0.2702702702702703,0.24324324324324326,tRNA
pre_8_train_U00096.3/925971-925887,0.2,0.25882352941176473,0.35294117647058826,0.18823529411764706,tRNA
pre_9_train_U00096.3/2785837-2785765,0.2054794520547945,0.2602739726027397,0.3013698630136986,0.2328767123287671,tRNA
