nameseq,fickett_score-ORF,fickett_score-full-sequence,label
pre_0_U00096.3/3941813-3943344,0.4943,0.34767000000000003,Predicted
pre_1_U00096.3/2729185-2726282,0.4868,0.33828,Predicted
pre_2_U00096.3/4171639-4171754,0.8909,0.41219999999999996,Predicted
pre_3_U00096.3/4166664-4168198,0.4579,0.34519,Predicted
pre_4_U00096.3/3943704-3946607,0.4868,0.33828,Predicted
pre_5_U00096.3/3943863-3946589,0.4868,0.33828,Predicted
pre_6_U00096.3/3941813-3943347,0.4943,0.34767000000000003,Predicted
pre_7_U00096.3/223776-225307,0.4579,0.34519,Predicted
