nameseq,A,C,G,T,label
pre_0_U00096.3/3941813-3943344,0.2519582245430809,0.22911227154046998,0.31723237597911225,0.20169712793733682,Predicted
pre_1_U00096.3/2729185-2726282,0.2627410468319559,0.22004132231404958,0.3140495867768595,0.20316804407713498,Predicted
pre_2_U00096.3/4171639-4171754,0.19827586206896552,0.3017241379310345,0.3448275862068966,0.15517241379310345,Predicted
pre_3_U00096.3/4166664-4168198,0.250814332247557,0.2293159609120521,0.3172638436482085,0.2026058631921824,Predicted
pre_4_U00096.3/3943704-3946607,0.2634297520661157,0.2196969696969697,0.3133608815426997,0.20351239669421486,Predicted
pre_5_U00096.3/3943863-3946589,0.26329299596626327,0.22002200220022003,0.314998166483315,0.20168683535020168,Predicted
pre_6_U00096.3/3941813-3943347,0.2514657980456026,0.22996742671009773,0.3166123778501629,0.20195439739413681,Predicted
pre_7_U00096.3/223776-225307,0.2506527415143603,0.22845953002610966,0.31723237597911225,0.20365535248041775,Predicted
