nameseq,maximum_ORF_length,minimum_ORF_length,std_ORF_length,average_ORF_length,cv_ORF_length,maximum_GC_content_ORF,minimum_GC_content_ORF,std_GC_content_ORF,average_GC_content_ORF,cv_GC_content_ORF,label
pre_0_U00096.3/3941813-3943344,255,6,58.2051263609476,55.857142857142854,1.0420355102982948,59.375,22.22222222222222,8.453328941713599,49.99632849440681,0.169078994323739,Predicted
pre_1_U00096.3/2729185-2726282,168,6,42.516791657806095,51.073170731707314,0.8324682225262894,58.333333333333336,16.666666666666664,9.643289796438792,47.14846625347938,0.20453029679893678,Predicted
pre_2_U00096.3/4171639-4171754,33,33,0.0,33.0,0.0,57.57575757575758,57.57575757575758,0.0,57.57575757575758,0.0,Predicted
pre_3_U00096.3/4166664-4168198,255,6,58.2051263609476,55.857142857142854,1.0420355102982948,59.375,22.22222222222222,8.453328941713599,49.99632849440681,0.169078994323739,Predicted
pre_4_U00096.3/3943704-3946607,168,6,41.46889647675713,50.925,0.8143131365097129,58.333333333333336,16.666666666666664,9.744254884011594,47.155163113262894,0.20664237467712032,Predicted
pre_5_U00096.3/3943863-3946589,168,6,43.25216757574122,51.5,0.8398479140920625,58.333333333333336,16.666666666666664,10.150704050258051,47.23832162159039,0.21488282609978776,Predicted
pre_6_U00096.3/3941813-3943347,255,6,58.2051263609476,55.857142857142854,1.0420355102982948,59.375,22.22222222222222,8.453328941713599,49.99632849440681,0.169078994323739,Predicted
pre_7_U00096.3/223776-225307,255,6,58.2051263609476,55.857142857142854,1.0420355102982948,59.375,22.22222222222222,8.453328941713599,49.99632849440681,0.169078994323739,Predicted
