nameseq,k1,k2,k3,k4,k5,label
pre_0_U00096.3/3941813-3943344,1.9794713240351132,3.9535077200791404,5.905630303432689,7.769625296436669,9.322052132263433,Predicted
pre_1_U00096.3/2729185-2726282,1.9791357935587155,3.9473069736918407,5.894258983800212,7.7979776689717655,9.559971184038229,Predicted
pre_2_U00096.3/4171639-4171754,1.9312344054392856,3.7786099091336847,5.35246759337081,6.311242900430008,6.610926350629024,Predicted
pre_3_U00096.3/4166664-4168198,1.979773662404631,3.953942407859617,5.904730559402632,7.769000881146797,9.31995442954792,Predicted
pre_4_U00096.3/3943704-3946607,1.9793494666514215,3.948333887943771,5.8971772461858025,7.802253792026384,9.565625219638815,Predicted
pre_5_U00096.3/3943863-3946589,1.9783265408129416,3.945843580935561,5.895715221594983,7.8020290667573695,9.55179245976851,Predicted
pre_6_U00096.3/3941813-3943347,1.9798731275294448,3.95424857924602,5.906443022186023,7.771918676352582,9.324236047158594,Predicted
pre_7_U00096.3/223776-225307,1.9799904915491933,3.9538950462382005,5.906049590392481,7.768006367507755,9.324323516417238,Predicted
