nameseq,k-tsallis12.3,k-tsallis22.3,k-tsallis32.3,k-tsallis42.3,k-tsallis52.3,label
pre_0_U00096.3/3941813-3943344,0.6367713147936169,0.7462328349536478,0.76513349470667,0.7684047465193823,0.7690119641669562,Predicted
pre_1_U00096.3/2729185-2726282,0.6367378471542271,0.7460117966597244,0.7650016125986948,0.7684125302014759,0.7690503862619578,Predicted
pre_2_U00096.3/4171639-4171754,0.6246883171613091,0.7405338819947959,0.762076971432042,0.766156194376008,0.7670842679055047,Predicted
pre_3_U00096.3/4166664-4168198,0.6368407266096653,0.7462391053231254,0.7651186878264759,0.7683999510544601,0.7690110049882823,Predicted
pre_4_U00096.3/3943704-3946607,0.6368012650017859,0.7460625080422657,0.7650227420932955,0.7684167075083179,0.7690509563359275,Predicted
pre_5_U00096.3/3943863-3946589,0.6365259963978698,0.7459488575774761,0.7650135056571266,0.7684189511084804,0.7690498228058799,Predicted
pre_6_U00096.3/3941813-3943347,0.6368823962506821,0.7462658128581394,0.7651395849931498,0.7684073343256574,0.7690124940543068,Predicted
pre_7_U00096.3/223776-225307,0.6368895994559762,0.7462256378244108,0.7651244343077253,0.7683999155777175,0.7690108055995883,Predicted
