,precision,recall,f1-score,support
rRNA,0.98,0.9514563106796117,0.9655172413793104,103.0
sRNA,0.9613259668508287,0.9720670391061452,0.9666666666666667,179.0
tRNA,0.9888059701492538,0.9925093632958801,0.9906542056074766,267.0
accuracy,0.9781420765027322,0.9781420765027322,0.9781420765027322,0.9781420765027322
macro avg,0.9767106456666941,0.9720109043605456,0.9742793712178179,549.0
weighted avg,0.9781940657489054,0.9781420765027322,0.9781170894218553,549.0
