,precision,recall,f1-score,support
rRNA,0.9803921568627451,0.970873786407767,0.975609756097561,103.0
sRNA,0.9771428571428571,0.9553072625698324,0.9661016949152542,179.0
tRNA,0.9779411764705882,0.9962546816479401,0.987012987012987,267.0
accuracy,0.9781420765027322,0.9781420765027322,0.9781420765027322,0.9781420765027322
macro avg,0.9784920634920634,0.9741452435418466,0.9762414793419341,549.0
weighted avg,0.978140724413627,0.9781420765027322,0.9780555114760414,549.0
