,precision,recall,f1-score,support
rRNA,0.9619047619047619,0.9805825242718447,0.9711538461538461,103.0
sRNA,0.9820359281437125,0.9162011173184358,0.9479768786127167,179.0
tRNA,0.9566787003610109,0.9925093632958801,0.9742647058823529,267.0
accuracy,0.9653916211293261,0.9653916211293261,0.9653916211293261,0.9653916211293261
macro avg,0.966873130136495,0.9630976682953869,0.9644651435496385,549.0
weighted avg,0.9659268389987339,0.9653916211293261,0.9651099888818044,549.0
