Feature	Importance
variance	0.070000
amplitude	0.055000
maximum	0.045955
sample_standard_deviation	0.045000
median	0.045000
percentile75	0.040000
faverage	0.040000
fnone_levated_peak	0.040000
k4	0.040000
average	0.035000
population_standard_deviation	0.035000
percentile25	0.035000
fmedian	0.030000
fsample_standard_deviation	0.030000
k3	0.025889
fpercentile15	0.025000
finterquartile_range	0.025000
fsemi_interquartile_range	0.025000
semi_interquartile_range	0.025000
famplitude	0.021636
fpercentile50	0.020000
fpopulation_standard_deviation	0.020000
fmaximum	0.020000
percentile50	0.015000
AAA	0.015000
interquartile_range	0.015000
fpercentile75	0.015000
fvariance	0.015000
AGA	0.014074
k1	0.010000
percentile15	0.010000
coefficient_of_variation	0.010000
fpercentile25	0.010000
k5	0.010000
TAC	0.005000
CTC	0.005000
TCG	0.005000
CCA	0.005000
ATA	0.005000
AGT	0.005000
AGC	0.005000
GGA	0.005000
none_levated_peak	0.005000
ACA	0.005000
minimum	0.005000
ACC	0.004141
CAT	0.003333
TTT	0.003134
TGG	0.000926
GAA	0.000911
GAG	0.000000
GAC	0.000000
CGG	0.000000
CTT	0.000000
GAT	0.000000
GCA	0.000000
GCC	0.000000
CTG	0.000000
GCG	0.000000
CTA	0.000000
CGT	0.000000
AAT	0.000000
ACT	0.000000
CGC	0.000000
CGA	0.000000
AAC	0.000000
CCT	0.000000
CCG	0.000000
CCC	0.000000
AAG	0.000000
CAG	0.000000
CAA	0.000000
ATT	0.000000
ATG	0.000000
ATC	0.000000
ACG	0.000000
AGG	0.000000
GCT	0.000000
CAC	0.000000
fkurtosis	0.000000
GGC	0.000000
fickett_score-ORF	0.000000
average_ORF_length	0.000000
cv_ORF_length	0.000000
maximum_GC_content_ORF	0.000000
minimum_GC_content_ORF	0.000000
std_GC_content_ORF	0.000000
average_GC_content_ORF	0.000000
cv_GC_content_ORF	0.000000
fickett_score-full-sequence	0.000000
minimum_ORF_length	0.000000
k2	0.000000
peak	0.000000
skewness	0.000000
kurtosis	0.000000
fminimum	0.000000
fpeak	0.000000
fcoefficient_of_variation	0.000000
std_ORF_length	0.000000
maximum_ORF_length	0.000000
GGG	0.000000
TAT	0.000000
GGT	0.000000
GTA	0.000000
GTC	0.000000
GTG	0.000000
GTT	0.000000
TAA	0.000000
TAG	0.000000
TCA	0.000000
TTG	0.000000
TCC	0.000000
TCT	0.000000
TGA	0.000000
TGC	0.000000
fskewness	0.000000
TTA	0.000000
TTC	0.000000
TGT	0.000000
